GROUP,PACKAGE,CLASS,INSTRUCTION_MISSED,INSTRUCTION_COVERED,BRANCH_MISSED,BRANCH_COVERED,LINE_MISSED,LINE_COVERED,COMPLEXITY_MISSED,COMPLEXITY_COVERED,METHOD_MISSED,METHOD_COVERED
onos-api,org.onosproject.net.resource,ResourceType,9,39,0,0,0,5,2,2,2,2
onos-api,org.onosproject.net.resource,ResourceAllocationException,12,0,0,0,6,0,3,0,3,0
onos-api,org.onosproject.net.resource,ResourceException,12,0,0,0,6,0,3,0,3,0
onos-api,org.onosproject.net.config,SubjectFactory,18,0,0,0,7,0,4,0,4,0
onos-api,org.onosproject.net.config,NetworkConfigEvent,20,0,0,0,7,0,3,0,3,0
onos-api,org.onosproject.net.config,Config,257,0,18,0,54,0,31,0,22,0
onos-api,org.onosproject.net.config,NetworkConfigEvent.Type,68,0,0,0,6,0,4,0,4,0
onos-api,org.onosproject.net.config,ConfigFactory,34,0,0,0,12,0,6,0,6,0
onos-api,org.onosproject.mastership,MastershipService,9,0,2,0,1,0,2,0,1,0
onos-api,org.onosproject.mastership,MastershipEvent.Type,38,0,0,0,3,0,4,0,4,0
onos-api,org.onosproject.mastership,MastershipEvent,44,0,0,0,13,0,4,0,4,0
onos-api,org.onosproject.mastership,MastershipTerm,0,80,0,8,0,19,0,11,0,7
onos-api,org.onosproject.net.flowobjective,ObjectiveEvent,11,0,0,0,4,0,2,0,2,0
onos-api,org.onosproject.net.flowobjective,Objective.Operation,9,29,0,0,0,3,2,2,2,2
onos-api,org.onosproject.net.flowobjective,ObjectiveEvent.Type,38,0,0,0,3,0,4,0,4,0
onos-api,org.onosproject.net.flowobjective,ObjectiveContext,2,0,0,0,2,0,2,0,2,0
onos-api,org.onosproject.net.flowobjective,ObjectiveError,88,0,0,0,9,0,4,0,4,0
onos-api,org.onosproject.net.flowobjective,DefaultNextObjective.Builder,4,171,2,2,1,41,3,11,1,11
onos-api,org.onosproject.net.flowobjective,FilteringObjective.Type,9,29,0,0,0,3,2,2,2,2
onos-api,org.onosproject.net.flowobjective,DefaultForwardingObjective.Builder,21,181,12,4,2,45,9,12,1,12
onos-api,org.onosproject.net.flowobjective,DefaultFilteringObjective.Builder,14,187,4,4,4,46,6,11,2,11
onos-api,org.onosproject.net.flowobjective,DefaultForwardingObjective,0,134,0,0,0,26,0,13,0,13
onos-api,org.onosproject.net.flowobjective,DefaultNextObjective,0,57,0,0,0,18,0,11,0,11
onos-api,org.onosproject.net.flowobjective,NextObjective.Type,9,49,0,0,0,5,2,2,2,2
onos-api,org.onosproject.net.flowobjective,DefaultFilteringObjective,0,117,0,0,0,24,0,12,0,12
onos-api,org.onosproject.net.flowobjective,ForwardingObjective.Flag,9,29,0,0,0,3,2,2,2,2
onos-api,org.onosproject.net.newresource,ResourceAllocation,15,66,1,7,6,16,4,7,3,4
onos-api,org.onosproject.net.newresource,ResourceAdminService,12,0,0,0,2,0,2,0,2,0
onos-api,org.onosproject.net.newresource,ResourceService,77,0,12,0,17,0,11,0,5,0
onos-api,org.onosproject.net.newresource,ResourcePath,26,86,2,6,10,22,5,11,3,9
onos-api,org.onosproject.net.newresource,ResourceService.new Object() {...},8,0,2,0,1,0,2,0,1,0
onos-api,org.onosproject.net.edge,EdgePortEvent.Type,38,0,0,0,3,0,4,0,4,0
onos-api,org.onosproject.net.edge,EdgePortEvent,11,0,0,0,4,0,2,0,2,0
onos-api,org.onosproject.net.topology,DefaultTopologyVertex,0,41,0,4,0,12,0,7,0,5
onos-api,org.onosproject.net.topology,ClusterId,0,53,0,4,0,13,0,8,0,6
onos-api,org.onosproject.net.topology,TopologyEvent,20,0,0,0,7,0,3,0,3,0
onos-api,org.onosproject.net.topology,DefaultTopologyCluster,0,118,1,11,0,26,1,13,0,8
onos-api,org.onosproject.net.topology,DefaultTopologyEdge,0,61,0,4,0,16,0,9,0,7
onos-api,org.onosproject.net.topology,DefaultGraphDescription,3,133,0,6,1,32,1,11,1,8
onos-api,org.onosproject.net.topology,TopologyEvent.Type,28,0,0,0,2,0,4,0,4,0
onos-api,org.onosproject.codec,JsonCodec,40,51,8,4,6,11,8,5,4,3
onos-api,org.onosproject.net.link,LinkEvent.Type,9,39,0,0,0,4,2,2,2,2
onos-api,org.onosproject.net.link,DefaultLinkDescription,16,22,0,0,4,8,1,4,1,4
onos-api,org.onosproject.net.link,LinkEvent,0,11,0,0,0,4,0,2,0,2
onos-api,org.onosproject.ui.topo,AbstractHighlight,10,19,0,0,4,6,3,2,3,2
onos-api,org.onosproject.ui.topo,BaseLinkMap,9,0,0,0,2,0,2,0,2,0
onos-api,org.onosproject.ui.topo,ButtonId,13,32,3,3,4,9,4,4,1,4
onos-api,org.onosproject.ui.topo,TopoJson,160,64,10,2,37,17,14,5,9,4
onos-api,org.onosproject.ui.topo,PropertyPanel.Prop,36,43,5,5,6,10,7,4,2,4
onos-api,org.onosproject.ui.topo,TopoConstants,3,0,0,0,1,0,1,0,1,0
onos-api,org.onosproject.ui.topo,NodeHighlight,0,5,0,0,0,2,0,1,0,1
onos-api,org.onosproject.ui.topo,HostHighlight,0,5,0,0,0,2,0,1,0,1
onos-api,org.onosproject.ui.topo,TopoConstants.Glyphs,3,0,0,0,1,0,1,0,1,0
onos-api,org.onosproject.ui.topo,BiLinkMap,0,51,0,4,0,12,0,6,0,4
onos-api,org.onosproject.ui.topo,LinkHighlight,2,76,1,1,0,17,1,9,0,9
onos-api,org.onosproject.ui.topo,DeviceHighlight,0,5,0,0,0,2,0,1,0,1
onos-api,org.onosproject.ui.topo,Mod,6,38,2,4,2,10,3,5,1,4
onos-api,org.onosproject.ui.topo,LinkHighlight.Flavor,9,48,0,0,0,8,2,3,2,3
onos-api,org.onosproject.ui.topo,NodeSelection,56,286,4,30,11,67,5,26,1,13
onos-api,org.onosproject.ui.topo,Highlights,15,92,0,2,3,19,2,12,2,11
onos-api,org.onosproject.ui.topo,TopoUtils,153,61,18,2,31,7,13,4,4,3
onos-api,org.onosproject.ui.topo,TopoConstants.CoreButtons,24,0,0,0,5,0,2,0,2,0
onos-api,org.onosproject.ui.topo,TopoElementType,9,39,0,0,0,2,2,2,2,2
onos-api,org.onosproject.ui.topo,BaseLink,7,0,0,0,3,0,2,0,2,0
onos-api,org.onosproject.ui.topo,PropertyPanel,0,213,0,8,0,53,0,25,0,21
onos-api,org.onosproject.ui.topo,BiLink,0,32,0,0,0,10,0,6,0,6
onos-api,org.onosproject.ui.topo,Highlights.Amount,9,48,0,0,0,8,2,3,2,3
onos-api,org.onosproject.ui.topo,PropertyPanel.Separator,0,5,0,0,0,2,0,1,0,1
onos-api,org.onosproject.ui.topo,TopoConstants.Properties,3,0,0,0,1,0,1,0,1,0
onos-api,org.onosproject.net.behaviour,IpTunnelEndPoint,51,0,4,0,13,0,8,0,6,0
onos-api,org.onosproject.net.behaviour,TunnelName,54,0,8,0,14,0,10,0,6,0
onos-api,org.onosproject.net.behaviour,DefaultNextGroup,9,0,0,0,4,0,2,0,2,0
onos-api,org.onosproject.net.behaviour,DefaultTunnelDescription,48,0,0,0,16,0,6,0,6,0
onos-api,org.onosproject.net.behaviour,BridgeName,60,0,8,0,16,0,10,0,6,0
onos-api,org.onosproject.net.behaviour,TunnelDescription.Type,78,0,0,0,7,0,4,0,4,0
onos-api,org.onosproject.net.behaviour,DefaultBridgeDescription,98,0,12,0,21,0,13,0,7,0
onos-api,org.onosproject.net.behaviour,ControllerInfo,85,116,6,14,10,25,8,10,3,5
onos-api,org.onosproject.net.behaviour,QueueInfo,21,0,0,0,8,0,1,0,1,0
onos-api,org.onosproject.net.behaviour,QueueInfo.Type,38,0,0,0,3,0,4,0,4,0
onos-api,org.onosproject.net.driver,XmlDriverLoader,7,207,3,9,0,44,2,12,0,8
onos-api,org.onosproject.net.driver,AbstractHandlerBehaviour,4,14,1,1,1,4,2,2,1,2
onos-api,org.onosproject.net.driver,DefaultDriverProvider,12,51,0,2,4,11,2,6,2,5
onos-api,org.onosproject.net.driver,AbstractBehaviour,4,14,1,1,1,4,2,2,1,2
onos-api,org.onosproject.net.driver,DefaultDriver,34,262,7,15,2,59,6,24,0,19
onos-api,org.onosproject.net.driver,DefaultDriverHandler,8,29,0,0,2,7,2,5,2,5
onos-api,org.onosproject.net.driver,DefaultDriverData,0,87,0,4,0,21,0,11,0,9
onos-api,org.onosproject.net.meter,DefaultMeter.Builder,6,80,1,1,2,19,2,7,1,7
onos-api,org.onosproject.net.meter,MeterRequest.Type,48,0,0,0,4,0,4,0,4,0
onos-api,org.onosproject.net.meter,MeterContext,2,0,0,0,2,0,2,0,2,0
onos-api,org.onosproject.net.meter,MeterOperation,3,71,1,9,1,17,2,9,1,5
onos-api,org.onosproject.net.meter,DefaultMeterRequest,72,0,0,0,22,0,9,0,9,0
onos-api,org.onosproject.net.meter,DefaultBand.Builder,13,36,2,2,4,7,4,4,2,4
onos-api,org.onosproject.net.meter,MeterKey,80,0,10,0,18,0,12,0,7,0
onos-api,org.onosproject.net.meter,DefaultBand,28,39,0,0,10,12,8,3,8,3
onos-api,org.onosproject.net.meter,MeterOperations,12,0,0,0,4,0,2,0,2,0
onos-api,org.onosproject.net.meter,MeterFailReason,148,0,0,0,14,0,4,0,4,0
onos-api,org.onosproject.net.meter,MeterEvent,11,0,0,0,4,0,2,0,2,0
onos-api,org.onosproject.net.meter,MeterOperation.Type,9,39,0,0,0,4,2,2,2,2
onos-api,org.onosproject.net.meter,DefaultMeterRequest.Builder,108,0,2,0,25,0,11,0,10,0
onos-api,org.onosproject.net.meter,MeterStoreResult.Type,38,0,0,0,3,0,4,0,4,0
onos-api,org.onosproject.net.meter,DefaultMeter,29,151,3,11,13,35,11,17,8,13
onos-api,org.onosproject.net.meter,Meter.Unit,9,29,0,0,0,3,2,2,2,2
onos-api,org.onosproject.net.meter,MeterState,58,0,0,0,5,0,4,0,4,0
onos-api,org.onosproject.net.meter,MeterId,8,66,4,6,3,14,5,7,1,6
onos-api,org.onosproject.net.meter,MeterEvent.Type,38,0,0,0,3,0,4,0,4,0
onos-api,org.onosproject.net.meter,Band.Type,9,29,0,0,0,3,2,2,2,2
onos-api,org.onosproject.net.meter,MeterStoreResult,28,0,0,0,8,0,5,0,5,0
onos-api,org.onosproject.net.resource.link,MplsLabelResourceAllocation,0,51,0,6,0,15,0,9,0,6
onos-api,org.onosproject.net.resource.link,BandwidthResourceRequest,51,0,6,0,15,0,9,0,6,0
onos-api,org.onosproject.net.resource.link,DefaultLinkResourceAllocations,116,0,14,0,27,0,16,0,9,0
onos-api,org.onosproject.net.resource.link,LinkResourceEvent.Type,28,0,0,0,2,0,4,0,4,0
onos-api,org.onosproject.net.resource.link,LambdaResourceAllocation,51,0,6,0,15,0,9,0,6,0
onos-api,org.onosproject.net.resource.link,LambdaResourceRequest,9,0,0,0,4,0,3,0,3,0
onos-api,org.onosproject.net.resource.link,DefaultLinkResourceRequest,79,0,10,0,18,0,13,0,8,0
onos-api,org.onosproject.net.resource.link,LinkResourceEvent,6,0,0,0,2,0,1,0,1,0
onos-api,org.onosproject.net.resource.link,LambdaResource,8,45,1,1,4,11,2,7,1,7
onos-api,org.onosproject.net.resource.link,BandwidthResourceAllocation,51,0,6,0,15,0,9,0,6,0
onos-api,org.onosproject.net.resource.link,DefaultLinkResourceRequest.Builder,77,0,4,0,18,0,8,0,6,0
onos-api,org.onosproject.net.resource.link,MplsLabelResourceRequest,9,0,0,0,4,0,3,0,3,0
onos-api,org.onosproject.net.resource.link,MplsLabel,0,37,0,2,0,11,0,7,0,6
onos-api,org.onosproject.net.resource.link,BandwidthResource,8,32,1,1,4,9,2,5,1,5
onos-api,org.onosproject.rest,AbstractWebResource,60,0,0,0,14,0,7,0,7,0
onos-api,org.onosproject.rest,AbstractInjectionResource,44,0,6,0,5,0,6,0,3,0
onos-api,org.onosproject.rest,AbstractApiDocRegistrator,30,0,2,0,7,0,6,0,5,0
onos-api,org.onosproject.rest,AbstractInjectionResource.StreamEnumeration,19,0,0,0,5,0,3,0,3,0
onos-api,org.onosproject.rest,ApiDocProvider,54,0,2,0,14,0,7,0,6,0
onos-api,org.onosproject.cfg,ConfigProperty.Type,9,69,0,0,0,7,2,2,2,2
onos-api,org.onosproject.cfg,ComponentConfigEvent.Type,38,0,0,0,3,0,4,0,4,0
onos-api,org.onosproject.cfg,ComponentConfigEvent,17,0,0,0,6,0,3,0,3,0
onos-api,org.onosproject.cfg,ConfigProperty,11,208,5,13,2,41,7,21,2,17
onos-api,org.onosproject.net.flow,FlowRuleOperationsContext,2,0,0,0,2,0,2,0,2,0
onos-api,org.onosproject.net.flow,DefaultTrafficSelector,9,89,2,6,3,25,3,12,1,10
onos-api,org.onosproject.net.flow,FlowRuleOperation,27,0,0,0,10,0,4,0,4,0
onos-api,org.onosproject.net.flow,FlowEntry.FlowEntryState,9,59,0,0,0,6,2,2,2,2
onos-api,org.onosproject.net.flow,DefaultFlowRule.Builder,22,156,5,7,5,29,6,13,2,11
onos-api,org.onosproject.net.flow,FlowRuleExtPayLoad,7,42,0,4,2,12,2,7,2,5
onos-api,org.onosproject.net.flow,DefaultTableStatisticsEntry,107,0,0,0,18,0,7,0,7,0
onos-api,org.onosproject.net.flow,DefaultFlowEntry,0,132,0,0,0,47,0,17,0,17
onos-api,org.onosproject.net.flow,CompletedBatchOperation,66,0,0,0,22,0,7,0,7,0
onos-api,org.onosproject.net.flow,DefaultFlowRule,32,411,13,13,5,96,11,23,1,20
onos-api,org.onosproject.net.flow,FlowRuleOperations.Builder,84,0,2,0,21,0,10,0,9,0
onos-api,org.onosproject.net.flow,FlowRuleBatchEntry,11,8,0,0,4,3,2,1,2,1
onos-api,org.onosproject.net.flow,FlowRuleBatchEvent.Type,38,0,0,0,3,0,4,0,4,0
onos-api,org.onosproject.net.flow,FlowRuleOperations,37,0,0,0,14,0,6,0,6,0
onos-api,org.onosproject.net.flow,DefaultTrafficTreatment,12,190,4,10,3,47,7,16,3,13
onos-api,org.onosproject.net.flow,BatchOperationEntry,10,66,5,5,1,17,4,7,0,6
onos-api,org.onosproject.net.flow,DefaultTypedFlowEntry,83,0,0,0,25,0,9,0,9,0
onos-api,org.onosproject.net.flow,DefaultTrafficTreatment.new Object() {...},11,71,0,0,0,1,0,1,0,1
onos-api,org.onosproject.net.flow,DefaultTrafficTreatment.Builder,182,165,10,5,38,35,36,19,28,18
onos-api,org.onosproject.net.flow,FlowRuleBatchRequest,0,31,0,0,0,9,0,4,0,4
onos-api,org.onosproject.net.flow,FlowRuleBatchEntry.FlowRuleOperation,9,39,0,0,0,4,2,2,2,2
onos-api,org.onosproject.net.flow,FlowRuleEvent,0,11,0,0,0,4,0,2,0,2
onos-api,org.onosproject.net.flow,FlowRuleBatchOperation,6,10,0,0,2,4,2,1,2,1
onos-api,org.onosproject.net.flow,FlowId,0,51,0,6,0,14,0,8,0,5
onos-api,org.onosproject.net.flow,BatchOperation,1,78,1,7,0,22,1,13,0,10
onos-api,org.onosproject.net.flow,DefaultTrafficSelector.Builder,70,180,2,0,14,36,11,33,10,33
onos-api,org.onosproject.net.flow,FlowRuleOperation.Type,48,0,0,0,4,0,4,0,4,0
onos-api,org.onosproject.net.flow,FlowRuleBatchEvent,47,0,0,0,14,0,6,0,6,0
onos-api,org.onosproject.net.flow,FlowRuleEvent.Type,9,59,0,0,0,6,2,2,2,2
onos-api,org.onosproject.net.flow,TypedStoredFlowEntry.FlowLiveType,68,0,0,0,6,0,4,0,4,0
onos-api,org.onosproject.ui.table,TableModel,15,172,1,11,4,37,2,18,1,13
onos-api,org.onosproject.ui.table,TableModel.SortDir,9,29,0,0,0,3,2,2,2,2
onos-api,org.onosproject.ui.table,TableUtils,3,63,0,4,1,12,1,5,1,3
onos-api,org.onosproject.ui.table,TableModel.Row,0,75,0,2,0,11,0,6,0,5
onos-api,org.onosproject.ui.table,TableModel.RowComparator,0,42,0,2,0,9,0,3,0,2
onos-api,org.onosproject.ui.table,TableRequestHandler,58,0,0,0,15,0,4,0,4,0
onos-api,org.onosproject.cluster,RoleInfo,45,46,4,4,11,11,8,5,4,5
onos-api,org.onosproject.cluster,LeadershipEvent,0,85,1,9,0,18,1,9,0,5
onos-api,org.onosproject.cluster,Leadership,0,187,0,14,0,44,0,18,0,11
onos-api,org.onosproject.cluster,ControllerNode.State,38,0,0,0,3,0,4,0,4,0
onos-api,org.onosproject.cluster,LeadershipEvent.Type,9,49,0,0,0,5,2,2,2,2
onos-api,org.onosproject.cluster,ControllerNodeToNodeId,0,17,0,2,0,6,0,5,0,4
onos-api,org.onosproject.cluster,ClusterEvent.Type,58,0,0,0,5,0,4,0,4,0
onos-api,org.onosproject.cluster,DefaultControllerNode,62,21,4,0,16,8,8,3,6,3
onos-api,org.onosproject.cluster,NodeId,0,37,0,4,0,11,0,6,0,4
onos-api,org.onosproject.cluster,ClusterEvent,11,0,0,0,4,0,2,0,2,0
onos-api,org.onosproject.store.cluster.messaging,Endpoint,0,82,0,10,0,20,0,11,0,6
onos-api,org.onosproject.store.cluster.messaging,MessageSubject,0,49,0,6,0,17,0,9,0,6
onos-api,org.onosproject.store.cluster.messaging,ClusterMessage,0,202,1,7,0,42,1,14,0,11
onos-api,org.onosproject.net.group,GroupStore.UpdateType,38,0,0,0,3,0,4,0,4,0
onos-api,org.onosproject.net.group,GroupOperation.Type,9,39,0,0,0,4,2,2,2,2
onos-api,org.onosproject.net.group,GroupOperation,0,140,2,12,0,26,2,15,0,10
onos-api,org.onosproject.net.group,GroupEvent,11,0,0,0,4,0,2,0,2,0
onos-api,org.onosproject.net.group,GroupOperations,12,0,0,0,4,0,2,0,2,0
onos-api,org.onosproject.net.group,DefaultGroupKey,23,11,4,0,7,4,4,2,2,2
onos-api,org.onosproject.net.group,GroupDescription.Type,9,49,0,0,0,5,2,2,2,2
onos-api,org.onosproject.net.group,DefaultGroupBucket,3,167,5,11,0,42,4,21,0,17
onos-api,org.onosproject.net.group,GroupBuckets,6,67,3,5,2,16,4,5,1,4
onos-api,org.onosproject.net.group,DefaultGroupDescription,0,159,1,9,0,40,1,16,0,12
onos-api,org.onosproject.net.group,GroupEvent.Type,108,0,0,0,10,0,4,0,4,0
onos-api,org.onosproject.net.group,Group.GroupState,9,69,0,0,0,7,2,2,2,2
onos-api,org.onosproject.net.group,DefaultGroup,27,108,0,8,13,32,7,16,7,12
onos-api,org.onosproject.net.provider,AbstractProviderRegistry,14,145,2,12,2,25,4,9,2,4
onos-api,org.onosproject.net.provider,AbstractListenerProviderRegistry,40,0,6,0,9,0,9,0,6,0
onos-api,org.onosproject.net.provider,AbstractProvider,0,9,0,0,0,4,0,2,0,2
onos-api,org.onosproject.net.provider,ProviderId,15,101,1,9,6,20,3,12,2,8
onos-api,org.onosproject.net.provider,AbstractProviderService,0,21,0,0,0,9,0,4,0,4
onos-api,org.onosproject.store.service,ConsistentMapException.Interrupted,3,0,0,0,1,0,1,0,1,0
onos-api,org.onosproject.store.service,MapEvent.Type,9,39,0,0,0,4,2,2,2,2
onos-api,org.onosproject.store.service,StorageException.Timeout,3,0,0,0,1,0,1,0,1,0
onos-api,org.onosproject.store.service,Transaction,12,0,4,0,1,0,3,0,1,0
onos-api,org.onosproject.store.service,StorageException.Interrupted,3,0,0,0,1,0,1,0,1,0
onos-api,org.onosproject.store.service,DatabaseUpdate.Type,5,83,0,0,0,8,1,3,1,3
onos-api,org.onosproject.store.service,WallClockTimestamp,0,76,0,4,0,22,0,9,0,7
onos-api,org.onosproject.store.service,DatabaseUpdate.Builder,8,160,4,9,1,35,4,14,0,9
onos-api,org.onosproject.store.service,TransactionException.Timeout,3,0,0,0,1,0,1,0,1,0
onos-api,org.onosproject.store.service,Serializer,82,0,0,0,11,0,4,0,4,0
onos-api,org.onosproject.store.service,Transaction.State,78,0,0,0,7,0,4,0,4,0
onos-api,org.onosproject.store.service,StorageException,7,0,0,0,4,0,2,0,2,0
onos-api,org.onosproject.store.service,MapInfo,15,0,0,0,6,0,3,0,3,0
onos-api,org.onosproject.store.service,PartitionInfo,28,0,0,0,10,0,5,0,5,0
onos-api,org.onosproject.store.service,Serializer.new Serializer() {...},16,0,0,0,3,0,3,0,3,0
onos-api,org.onosproject.store.service,TransactionException.Interrupted,3,0,0,0,1,0,1,0,1,0
onos-api,org.onosproject.store.service,ConsistentMapException,7,0,0,0,4,0,2,0,2,0
onos-api,org.onosproject.store.service,SetEvent.Type,9,29,0,0,0,3,2,2,2,2
onos-api,org.onosproject.store.service,MapEvent,0,108,3,7,0,24,3,10,0,8
onos-api,org.onosproject.store.service,AtomicValueEvent.Type,9,19,0,0,0,2,2,2,2,2
onos-api,org.onosproject.store.service,DistributedQueue,9,0,2,0,1,0,2,0,1,0
onos-api,org.onosproject.store.service,DatabaseUpdate.new Object() {...},7,47,0,0,0,1,0,1,0,1
onos-api,org.onosproject.store.service,Versioned,0,120,2,8,0,24,2,13,0,10
onos-api,org.onosproject.store.service,EventuallyConsistentMapEvent.Type,9,29,0,0,0,3,2,2,2,2
onos-api,org.onosproject.store.service,TransactionException,7,0,0,0,4,0,2,0,2,0
onos-api,org.onosproject.store.service,ConsistentMapException.ConcurrentModification,3,0,0,0,1,0,1,0,1,0
onos-api,org.onosproject.store.service,StorageException.ConcurrentModification,3,0,0,0,1,0,1,0,1,0
onos-api,org.onosproject.store.service,AtomicValueEvent,0,87,1,7,0,20,1,10,0,7
onos-api,org.onosproject.store.service,TransactionException.ConcurrentModification,3,0,0,0,1,0,1,0,1,0
onos-api,org.onosproject.store.service,ConsistentMapException.Timeout,3,0,0,0,1,0,1,0,1,0
onos-api,org.onosproject.store.service,DatabaseUpdate,0,56,0,0,0,17,0,9,0,9
onos-api,org.onosproject.store.service,TransactionException.OptimisticConcurrencyFailure,3,0,0,0,1,0,1,0,1,0
onos-api,org.onosproject.store.service,EventuallyConsistentMapEvent,0,103,0,10,0,24,0,13,0,8
onos-api,org.onosproject.store.service,MultiValuedTimestamp,2,108,2,6,0,28,2,10,0,8
onos-api,org.onosproject.store.service,SetEvent,0,87,1,7,0,20,1,10,0,7
onos-api,org.onosproject.net.flow.criteria,MetadataCriterion,0,70,1,7,0,16,1,9,0,6
onos-api,org.onosproject.net.flow.criteria,IcmpTypeCriterion,0,72,1,7,0,15,1,9,0,6
onos-api,org.onosproject.net.flow.criteria,IndexedLambdaCriterion,3,53,0,4,1,14,1,7,1,5
onos-api,org.onosproject.net.flow.criteria,IPCriterion,0,70,1,7,0,16,1,9,0,6
onos-api,org.onosproject.net.flow.criteria,OchSignalTypeCriterion,3,53,0,4,1,14,1,7,1,5
onos-api,org.onosproject.net.flow.criteria,IPv6NDLinkLayerAddressCriterion,0,70,1,7,0,16,1,9,0,6
onos-api,org.onosproject.net.flow.criteria,PortCriterion,0,70,1,7,0,16,1,9,0,6
onos-api,org.onosproject.net.flow.criteria,OduSignalTypeCriterion,0,56,0,4,0,15,0,8,0,6
onos-api,org.onosproject.net.flow.criteria,MplsBosCriterion,69,0,8,0,15,0,10,0,6,0
onos-api,org.onosproject.net.flow.criteria,MplsCriterion,0,66,1,7,0,15,1,9,0,6
onos-api,org.onosproject.net.flow.criteria,LambdaCriterion,75,0,8,0,16,0,10,0,6,0
onos-api,org.onosproject.net.flow.criteria,IcmpCodeCriterion,0,72,1,7,0,15,1,9,0,6
onos-api,org.onosproject.net.flow.criteria,SctpPortCriterion,0,70,1,7,0,16,1,9,0,6
onos-api,org.onosproject.net.flow.criteria,IPv6ExthdrFlagsCriterion,0,73,1,7,0,15,1,9,0,6
onos-api,org.onosproject.net.flow.criteria,UdpPortCriterion,0,70,1,7,0,16,1,9,0,6
onos-api,org.onosproject.net.flow.criteria,EthTypeCriterion,0,76,1,7,0,19,1,10,0,7
onos-api,org.onosproject.net.flow.criteria,Icmpv6CodeCriterion,0,72,1,7,0,15,1,9,0,6
onos-api,org.onosproject.net.flow.criteria,IPEcnCriterion,0,74,1,7,0,15,1,9,0,6
onos-api,org.onosproject.net.flow.criteria,Criteria,59,222,1,3,8,43,8,40,7,39
onos-api,org.onosproject.net.flow.criteria,VlanPcpCriterion,0,74,1,7,0,15,1,9,0,6
onos-api,org.onosproject.net.flow.criteria,OduSignalIdCriterion,0,56,0,4,0,15,0,8,0,6
onos-api,org.onosproject.net.flow.criteria,TunnelIdCriterion,0,70,1,7,0,16,1,9,0,6
onos-api,org.onosproject.net.flow.criteria,OchSignalCriterion,3,53,0,4,1,14,1,7,1,5
onos-api,org.onosproject.net.flow.criteria,IPv6FlowLabelCriterion,0,73,1,7,0,15,1,9,0,6
onos-api,org.onosproject.net.flow.criteria,Criterion.IPv6ExthdrFlags,9,114,0,0,0,14,2,3,2,3
onos-api,org.onosproject.net.flow.criteria,TcpPortCriterion,0,70,1,7,0,16,1,9,0,6
onos-api,org.onosproject.net.flow.criteria,Icmpv6TypeCriterion,0,72,1,7,0,15,1,9,0,6
onos-api,org.onosproject.net.flow.criteria,EthCriterion,0,70,1,7,0,16,1,9,0,6
onos-api,org.onosproject.net.flow.criteria,IPDscpCriterion,0,74,1,7,0,15,1,9,0,6
onos-api,org.onosproject.net.flow.criteria,Criteria.DummyCriterion,2,3,0,0,1,1,1,1,1,1
onos-api,org.onosproject.net.flow.criteria,Criterion.Type,9,509,0,0,0,51,2,2,2,2
onos-api,org.onosproject.net.flow.criteria,VlanIdCriterion,0,66,1,7,0,15,1,9,0,6
onos-api,org.onosproject.net.flow.criteria,IPv6NDTargetAddressCriterion,0,66,1,7,0,15,1,9,0,6
onos-api,org.onosproject.net.flow.criteria,IPProtocolCriterion,0,62,0,4,0,14,0,8,0,6
onos-api,org.onosproject.net.config.basics,BasicLinkConfig,69,0,4,0,13,0,11,0,9,0
onos-api,org.onosproject.net.config.basics,BasicHostConfig,3,0,0,0,1,0,1,0,1,0
onos-api,org.onosproject.net.config.basics,BasicElementConfig,60,0,0,0,11,0,11,0,11,0
onos-api,org.onosproject.net.config.basics,SubjectFactories.new SubjectFactory() {...},12,0,0,0,3,0,3,0,3,0
onos-api,org.onosproject.net.config.basics,SubjectFactories.new SubjectFactory() {...},8,0,0,0,2,0,2,0,2,0
onos-api,org.onosproject.net.config.basics,SubjectFactories.new SubjectFactory() {...},11,0,0,0,3,0,3,0,3,0
onos-api,org.onosproject.net.config.basics,SubjectFactories.new SubjectFactory() {...},8,0,0,0,2,0,2,0,2,0
onos-api,org.onosproject.net.config.basics,SubjectFactories,50,0,0,0,10,0,4,0,4,0
onos-api,org.onosproject.net.config.basics,SubjectFactories.new SubjectFactory() {...},49,0,2,0,6,0,4,0,3,0
onos-api,org.onosproject.net.config.basics,OpticalPortConfig,115,0,10,0,25,0,19,0,14,0
onos-api,org.onosproject.net.config.basics,AllowedEntityConfig,14,0,0,0,3,0,3,0,3,0
onos-api,org.onosproject.net.config.basics,BasicDeviceConfig,41,0,0,0,7,0,7,0,7,0
onos-api,org.onosproject.net.packet,DefaultPacketRequest,96,0,12,0,21,0,13,0,7,0
onos-api,org.onosproject.net.packet,PacketEvent.Type,28,0,0,0,2,0,4,0,4,0
onos-api,org.onosproject.net.packet,PacketEvent,11,0,0,0,4,0,2,0,2,0
onos-api,org.onosproject.net.packet,DefaultInboundPacket,0,87,2,8,0,21,2,10,0,7
onos-api,org.onosproject.net.packet,DefaultOutboundPacket,0,87,2,8,0,21,2,10,0,7
onos-api,org.onosproject.net.packet,PacketProcessor,51,0,10,0,9,0,8,0,3,0
onos-api,org.onosproject.net.packet,PacketPriority,50,0,0,0,8,0,6,0,6,0
onos-api,org.onosproject.net.packet,DefaultPacketContext,0,54,0,0,0,19,0,7,0,7
onos-api,org.onosproject.event,AbstractListenerManager,40,0,6,0,9,0,9,0,6,0
onos-api,org.onosproject.event,DefaultEventSinkRegistry,2,75,2,2,0,15,2,5,0,5
onos-api,org.onosproject.event,ListenerRegistry,37,81,6,4,10,22,5,6,1,5
onos-api,org.onosproject.event,AbstractEvent,0,46,0,0,0,15,0,6,0,6
onos-api,org.onosproject.event,EventSink,1,0,0,0,1,0,1,0,1,0
onos-api,org.onosproject.event,EventFilter,0,2,0,0,0,1,0,1,0,1
onos-api,org.onosproject.store,Timestamp,0,18,0,4,0,2,0,4,0,2
onos-api,org.onosproject.store,AbstractStore,57,0,12,0,15,0,12,0,6,0
onos-api,org.onosproject.net.host,HostEvent.Type,9,49,0,0,0,5,2,2,2,2
onos-api,org.onosproject.net.host,HostProviderService,6,0,0,0,2,0,1,0,1,0
onos-api,org.onosproject.net.host,HostEvent,5,6,0,0,2,2,1,1,1,1
onos-api,org.onosproject.net.host,InterfaceIpAddress,70,125,4,10,9,35,6,13,3,9
onos-api,org.onosproject.net.host,DefaultHostDescription,8,58,0,0,2,18,1,7,1,7
onos-api,org.onosproject.net.intent.constraint,LatencyConstraint,9,72,0,6,4,16,2,10,2,7
onos-api,org.onosproject.net.intent.constraint,BooleanConstraint,9,24,2,4,1,6,2,4,1,2
onos-api,org.onosproject.net.intent.constraint,BandwidthConstraint,38,52,6,6,10,12,5,8,2,5
onos-api,org.onosproject.net.intent.constraint,ObstacleConstraint,9,65,1,7,4,16,3,8,2,5
onos-api,org.onosproject.net.intent.constraint,AsymmetricPathConstraint,31,0,6,0,10,0,9,0,6,0
onos-api,org.onosproject.net.intent.constraint,WaypointConstraint,12,108,1,13,5,27,4,11,3,5
onos-api,org.onosproject.net.intent.constraint,AnnotationConstraint,15,93,0,12,6,20,3,12,3,6
onos-api,org.onosproject.net.intent.constraint,PartialFailureConstraint,24,0,2,0,8,0,6,0,5,0
onos-api,org.onosproject.net.intent.constraint,LinkTypeConstraint,27,89,6,10,6,19,6,10,2,6
onos-api,org.onosproject.net.intent.constraint,LambdaConstraint,27,49,4,6,8,12,4,8,2,5
onos-api,org.onosproject.net.mcast,McastEvent,76,0,0,0,23,0,7,0,7,0
onos-api,org.onosproject.net.mcast,McastRoute,107,0,12,0,25,0,13,0,7,0
onos-api,org.onosproject.net.mcast,McastEvent.Type,68,0,0,0,6,0,4,0,4,0
onos-api,org.onosproject.net.mcast,McastRoute.Type,48,0,0,0,4,0,4,0,4,0
onos-api,org.onosproject.core,CoreService,7,0,0,0,1,0,1,0,1,0
onos-api,org.onosproject.core,UnavailableIdException,0,12,0,0,0,6,0,3,0,3
onos-api,org.onosproject.core,ApplicationRole,9,39,0,0,0,4,2,2,2,2
onos-api,org.onosproject.core,DefaultGroupId,6,48,0,4,3,14,1,7,1,5
onos-api,org.onosproject.core,MetricsHelper,21,0,2,0,6,0,2,0,1,0
onos-api,org.onosproject.core,DefaultApplication,1,231,7,17,0,43,7,17,0,12
onos-api,org.onosproject.core,IdBlock,98,0,4,0,19,0,8,0,6,0
onos-api,org.onosproject.core,DefaultApplicationId,32,47,5,3,10,9,7,4,3,4
onos-api,org.onosproject.core,Version,3,184,3,15,0,30,3,16,0,10
onos-api,org.onosproject.net.statistic,TypedFlowEntryWithLoad.new Object() {...},33,0,0,0,1,0,1,0,1,0
onos-api,org.onosproject.net.statistic,DefaultLoad,1,86,1,1,0,26,1,10,0,10
onos-api,org.onosproject.net.statistic,SummaryFlowEntryWithLoad,105,0,0,0,34,0,10,0,10,0
onos-api,org.onosproject.net.statistic,TypedFlowEntryWithLoad,142,0,13,0,41,0,20,0,13,0
onos-api,org.onosproject.net.device,DeviceEvent,35,20,2,0,10,7,3,3,2,3
onos-api,org.onosproject.net.device,OchPortDescription,77,0,0,0,22,0,6,0,6,0
onos-api,org.onosproject.net.device,OduCltPortDescription,43,0,0,0,13,0,4,0,4,0
onos-api,org.onosproject.net.device,DefaultPortStatistics,0,258,0,0,0,51,0,15,0,15
onos-api,org.onosproject.net.device,OmsPortDescription,73,0,0,0,22,0,6,0,6,0
onos-api,org.onosproject.net.device,DefaultDeviceDescription,59,80,0,0,17,21,3,9,3,9
onos-api,org.onosproject.net.device,DeviceEvent.Type,9,99,0,0,0,10,2,2,2,2
onos-api,org.onosproject.net.device,DefaultPortStatistics.Builder,0,92,0,0,0,27,0,14,0,14
onos-api,org.onosproject.net.device,DefaultPortDescription,93,0,0,0,27,0,9,0,9,0
onos-api,org.onosproject.app,ApplicationEvent,0,11,0,0,0,4,0,2,0,2
onos-api,org.onosproject.app,ApplicationException,0,12,0,0,0,6,0,3,0,3
onos-api,org.onosproject.app,DefaultApplicationDescription,1,116,1,1,0,29,1,10,0,10
onos-api,org.onosproject.app,ApplicationState,38,0,0,0,3,0,4,0,4,0
onos-api,org.onosproject.app,ApplicationEvent.Type,9,59,0,0,0,6,2,2,2,2
onos-api,org.onosproject.ui.table.cell,EnumFormatter,0,15,0,0,0,3,0,3,0,3
onos-api,org.onosproject.ui.table.cell,HexFormatter,0,20,0,0,0,3,0,3,0,3
onos-api,org.onosproject.ui.table.cell,DefaultCellComparator,6,16,1,1,1,4,1,3,0,3
onos-api,org.onosproject.ui.table.cell,HostLocationFormatter,0,24,0,0,0,4,0,3,0,3
onos-api,org.onosproject.ui.table.cell,ConnectPointFormatter,0,24,0,0,0,4,0,3,0,3
onos-api,org.onosproject.ui.table.cell,AbstractCellComparator,0,22,0,8,0,8,0,6,0,2
onos-api,org.onosproject.ui.table.cell,TimeFormatter,0,28,0,0,0,8,0,4,0,4
onos-api,org.onosproject.ui.table.cell,AbstractCellFormatter,0,11,0,2,0,2,0,3,0,2
onos-api,org.onosproject.ui.table.cell,NumberFormatter,18,0,0,0,6,0,3,0,3,0
onos-api,org.onosproject.ui.table.cell,DefaultCellFormatter,0,11,0,0,0,3,0,3,0,3
onos-api,org.onosproject.ui.table.cell,AppIdFormatter,0,24,0,0,0,4,0,3,0,3
onos-api,org.onosproject.ui,JsonUtils,72,10,2,0,17,2,10,2,9,2
onos-api,org.onosproject.ui,UiViewHidden,8,6,0,0,3,2,1,1,1,1
onos-api,org.onosproject.ui,UiView,55,31,6,0,14,11,7,5,4,5
onos-api,org.onosproject.ui,UiExtension,20,65,1,1,2,16,2,7,1,7
onos-api,org.onosproject.ui,UiMessageHandler,135,0,8,0,37,0,16,0,12,0
onos-api,org.onosproject.ui,RequestHandler,54,0,0,0,16,0,10,0,10,0
onos-api,org.onosproject.ui,UiExtension.Builder,3,73,2,2,0,17,2,5,0,5
onos-api,org.onosproject.ui,UiTopoOverlay,33,0,0,0,16,0,10,0,10,0
onos-api,org.onosproject.ui,UiView.Category,12,56,0,0,1,8,3,2,3,2
onos-api,org.onosproject.net,DefaultEdgeLink,20,65,0,6,4,10,1,7,1,4
onos-api,org.onosproject.net,Device.Type,9,149,0,0,0,3,2,2,2,2
onos-api,org.onosproject.net,DefaultPort,0,158,4,12,0,33,4,14,0,10
onos-api,org.onosproject.net,DefaultAnnotations,63,166,12,20,16,36,12,19,4,11
onos-api,org.onosproject.net,MastershipRole,48,0,0,0,4,0,4,0,4,0
onos-api,org.onosproject.net,LinkKey,14,75,0,8,3,17,3,9,3,5
onos-api,org.onosproject.net,DeviceId,12,64,1,7,5,16,3,10,2,7
onos-api,org.onosproject.net,DefaultDevice,24,158,4,12,9,34,6,14,2,10
onos-api,org.onosproject.net,DefaultLink,0,123,1,9,0,30,1,14,0,10
onos-api,org.onosproject.net,OchSignalType,9,29,0,0,0,3,2,2,2,2
onos-api,org.onosproject.net,OchPort,168,0,18,0,30,0,16,0,7,0
onos-api,org.onosproject.net,DefaultPath,28,94,5,3,6,22,6,6,2,6
onos-api,org.onosproject.net,HostLocation,0,29,0,0,0,8,0,4,0,4
onos-api,org.onosproject.net,AnnotationKeys,6,9,0,0,4,3,1,1,1,1
onos-api,org.onosproject.net,AbstractAnnotated,7,25,1,3,3,5,2,3,1,2
onos-api,org.onosproject.net,Lambda,0,13,0,0,0,2,0,2,0,2
onos-api,org.onosproject.net,DefaultDisjointPath,120,0,18,0,24,0,17,0,8,0
onos-api,org.onosproject.net,AbstractModel,6,10,0,0,3,4,1,2,1,2
onos-api,org.onosproject.net,AbstractDescription,14,22,2,2,4,5,4,2,2,2
onos-api,org.onosproject.net,Link.Type,9,69,0,0,0,7,2,2,2,2
onos-api,org.onosproject.net,AbstractElement,6,8,0,0,3,3,1,1,1,1
onos-api,org.onosproject.net,ElementId,0,3,0,0,0,1,0,1,0,1
onos-api,org.onosproject.net,HostId,21,111,2,8,7,20,6,10,4,7
onos-api,org.onosproject.net,ChannelSpacing,12,68,0,0,1,9,3,2,3,2
onos-api,org.onosproject.net,OmsPort,180,0,18,0,33,0,17,0,8,0
onos-api,org.onosproject.net,PortNumber,62,134,17,11,18,34,13,15,3,11
onos-api,org.onosproject.net,OduCltPort,121,0,14,0,22,0,12,0,5,0
onos-api,org.onosproject.net,Link.State,9,29,0,0,0,3,2,2,2,2
onos-api,org.onosproject.net,IpElementId,51,0,4,0,13,0,8,0,6,0
onos-api,org.onosproject.net,Port.Type,9,79,0,0,0,8,2,2,2,2
onos-api,org.onosproject.net,IndexedLambda,0,44,0,6,0,14,0,8,0,5
onos-api,org.onosproject.net,OduSignalType,9,69,0,0,0,7,2,2,2,2
onos-api,org.onosproject.net,GridType,9,39,0,0,0,4,2,2,2,2
onos-api,org.onosproject.net,DefaultHost,0,127,2,10,0,28,2,13,0,9
onos-api,org.onosproject.net,ConnectPoint,23,151,4,14,5,33,4,16,1,10
onos-api,org.onosproject.net,DefaultAnnotations.Builder,0,32,0,0,0,8,0,4,0,4
onos-api,org.onosproject.net,OduSignalId,16,150,5,11,3,27,8,8,3,5
onos-api,org.onosproject.net,NetTools,15,0,0,0,3,0,2,0,2,0
onos-api,org.onosproject.net,OchSignal,96,134,3,11,20,27,11,9,8,5
onos-api,org.onosproject.net,OduCltPort.SignalType,58,0,0,0,5,0,4,0,4,0
onos-api,org.onosproject.net,AnnotationsUtil,46,0,12,0,12,0,8,0,2,0
onos-api,org.onosproject.net.intent,OpticalCircuitIntent,96,0,0,0,28,0,8,0,8,0
onos-api,org.onosproject.net.intent,IntentEvent.new Object() {...},82,0,0,0,1,0,1,0,1,0
onos-api,org.onosproject.net.intent,IntentStoreDelegate,1,0,0,0,1,0,1,0,1,0
onos-api,org.onosproject.net.intent,IntentData,87,246,5,45,31,62,14,36,10,12
onos-api,org.onosproject.net.intent,TwoWayP2PIntent,0,76,0,0,0,19,0,5,0,5
onos-api,org.onosproject.net.intent,OpticalPathIntent.Builder,10,61,0,0,3,14,2,9,2,9
onos-api,org.onosproject.net.intent,IntentEvent,46,5,8,0,20,2,10,1,3,1
onos-api,org.onosproject.net.intent,MultiPointToSinglePointIntent.Builder,15,50,0,0,3,10,3,7,3,7
onos-api,org.onosproject.net.intent,Key.StringKey,0,64,2,10,0,17,2,8,0,4
onos-api,org.onosproject.net.intent,MplsPathIntent.Builder,20,55,0,0,4,12,4,7,4,7
onos-api,org.onosproject.net.intent,PathIntent.Builder,10,44,0,0,2,9,2,7,2,7
onos-api,org.onosproject.net.intent,ConnectivityIntent.Builder,5,38,0,0,1,12,1,6,1,6
onos-api,org.onosproject.net.intent,HostToHostIntent,0,78,0,0,0,19,0,5,0,5
onos-api,org.onosproject.net.intent,Key.LongKey,0,71,2,10,0,16,2,8,0,4
onos-api,org.onosproject.net.intent,IntentOperation,84,0,10,0,20,0,13,0,8,0
onos-api,org.onosproject.net.intent,PartitionEvent,5,0,0,0,2,0,1,0,1,0
onos-api,org.onosproject.net.intent,LinkCollectionIntent,0,91,0,0,0,26,0,7,0,7
onos-api,org.onosproject.net.intent,MplsPathIntent,0,30,0,0,0,7,0,4,0,4
onos-api,org.onosproject.net.intent,IntentException,0,12,0,0,0,6,0,3,0,3
onos-api,org.onosproject.net.intent,IntentOperation.Type,38,0,0,0,3,0,4,0,4,0
onos-api,org.onosproject.net.intent,TwoWayP2PIntent.Builder,10,54,0,0,2,11,2,8,2,8
onos-api,org.onosproject.net.intent,OpticalConnectivityIntent,96,0,0,0,28,0,8,0,8,0
onos-api,org.onosproject.net.intent,OpticalConnectivityIntent.Builder,56,0,0,0,13,0,9,0,9,0
onos-api,org.onosproject.net.intent,IntentEvent.Type,9,79,0,0,0,8,2,2,2,2
onos-api,org.onosproject.net.intent,ConnectivityIntent,0,46,0,0,0,14,0,6,0,6
onos-api,org.onosproject.net.intent,MplsIntent,16,114,1,1,6,25,2,7,1,7
onos-api,org.onosproject.net.intent,Intent.Builder,5,16,0,0,2,6,1,3,1,3
onos-api,org.onosproject.net.intent,PointToPointIntent.Builder,15,49,0,0,3,10,3,7,3,7
onos-api,org.onosproject.net.intent,LinkCollectionIntent.Builder,5,69,0,0,1,14,1,10,1,10
onos-api,org.onosproject.net.intent,PointToPointIntent,55,49,1,1,16,8,3,4,2,4
onos-api,org.onosproject.net.intent,IntentState,5,123,0,0,0,13,1,3,1,3
onos-api,org.onosproject.net.intent,Intent,5,126,6,12,0,35,6,15,0,12
onos-api,org.onosproject.net.intent,MultiPointToSinglePointIntent,56,55,2,2,16,11,4,4,2,4
onos-api,org.onosproject.net.intent,SinglePointToMultiPointIntent.Builder,15,50,0,0,3,10,3,7,3,7
onos-api,org.onosproject.net.intent,FlowRuleIntent,55,0,0,0,17,0,6,0,6,0
onos-api,org.onosproject.net.intent,PartitionEvent.Type,28,0,0,0,2,0,4,0,4,0
onos-api,org.onosproject.net.intent,IntentId,0,58,0,6,0,16,0,10,0,7
onos-api,org.onosproject.net.intent,MplsIntent.Builder,10,68,0,0,2,15,2,10,2,10
onos-api,org.onosproject.net.intent,SinglePointToMultiPointIntent,56,56,2,2,16,11,4,4,2,4
onos-api,org.onosproject.net.intent,IntentData.new Object() {...},11,71,0,0,0,1,0,1,0,1
onos-api,org.onosproject.net.intent,OpticalPathIntent,30,95,0,0,11,24,4,6,4,6
onos-api,org.onosproject.net.intent,OpticalCircuitIntent.Builder,56,0,0,0,13,0,9,0,9,0
onos-api,org.onosproject.net.intent,Key,0,30,0,0,0,8,0,6,0,6
onos-api,org.onosproject.net.intent,PathIntent,9,123,1,5,5,22,2,8,1,6
onos-api,org.onosproject.net.intent,HostToHostIntent.Builder,15,49,0,0,3,10,3,7,3,7
onos-api,org.onosproject.net.flow.instructions,L2ModificationInstruction.ModMplsBosInstruction,62,0,4,0,14,0,8,0,6,0
onos-api,org.onosproject.net.flow.instructions,L4ModificationInstruction,0,5,0,0,0,2,0,2,0,2
onos-api,org.onosproject.net.flow.instructions,L2ModificationInstruction.ModMplsTtlInstruction,37,0,4,0,11,0,7,0,5,0
onos-api,org.onosproject.net.flow.instructions,L3ModificationInstruction.ModIPv6FlowLabelInstruction,0,66,0,4,0,14,0,8,0,6
onos-api,org.onosproject.net.flow.instructions,Instructions.MeterInstruction,57,0,4,0,14,0,8,0,6,0
onos-api,org.onosproject.net.flow.instructions,L0ModificationInstruction.L0SubType,9,29,0,0,0,3,2,2,2,2
onos-api,org.onosproject.net.flow.instructions,Instructions,143,213,1,3,27,44,17,24,16,23
onos-api,org.onosproject.net.flow.instructions,L2ModificationInstruction.L2SubType,9,129,0,0,0,13,2,2,2,2
onos-api,org.onosproject.net.flow.instructions,L1ModificationInstruction.L1SubType,28,0,0,0,2,0,4,0,4,0
onos-api,org.onosproject.net.flow.instructions,L3ModificationInstruction.L3SubType,9,89,0,0,0,9,2,2,2,2
onos-api,org.onosproject.net.flow.instructions,L4ModificationInstruction.L4SubType,9,49,0,0,0,5,2,2,2,2
onos-api,org.onosproject.net.flow.instructions,L3ModificationInstruction.ModTtlInstruction,48,0,4,0,13,0,7,0,5,0
onos-api,org.onosproject.net.flow.instructions,L2ModificationInstruction.PushHeaderInstructions,64,9,8,0,13,4,9,1,5,1
onos-api,org.onosproject.net.flow.instructions,Instructions.TableTypeTransition,56,0,4,0,14,0,8,0,6,0
onos-api,org.onosproject.net.flow.instructions,Instructions.GroupInstruction,57,0,4,0,14,0,8,0,6,0
onos-api,org.onosproject.net.flow.instructions,L0ModificationInstruction,0,5,0,0,0,2,0,2,0,2
onos-api,org.onosproject.net.flow.instructions,Instructions.OutputInstruction,0,56,0,4,0,14,0,8,0,6
onos-api,org.onosproject.net.flow.instructions,L4ModificationInstruction.ModTransportPortInstruction,0,73,1,7,0,16,1,9,0,6
onos-api,org.onosproject.net.flow.instructions,L3ModificationInstruction,0,5,0,0,0,2,0,2,0,2
onos-api,org.onosproject.net.flow.instructions,L2ModificationInstruction.ModMplsLabelInstruction,5,59,0,4,1,14,1,8,1,6
onos-api,org.onosproject.net.flow.instructions,L3ModificationInstruction.ModIPInstruction,0,73,1,7,0,16,1,9,0,6
onos-api,org.onosproject.net.flow.instructions,L2ModificationInstruction.ModEtherInstruction,0,73,1,7,0,16,1,9,0,6
onos-api,org.onosproject.net.flow.instructions,L2ModificationInstruction.ModVlanIdInstruction,0,59,0,4,0,14,0,8,0,6
onos-api,org.onosproject.net.flow.instructions,L2ModificationInstruction,0,5,0,0,0,2,0,2,0,2
onos-api,org.onosproject.net.flow.instructions,L1ModificationInstruction.ModOduSignalIdInstruction,2,45,0,4,1,14,1,7,1,5
onos-api,org.onosproject.net.flow.instructions,Instructions.MetadataInstruction,89,0,8,0,19,0,11,0,7,0
onos-api,org.onosproject.net.flow.instructions,L2ModificationInstruction.ModVlanPcpInstruction,0,67,0,4,0,14,0,8,0,6
onos-api,org.onosproject.net.flow.instructions,Instruction.Type,5,133,0,0,0,13,1,3,1,3
onos-api,org.onosproject.net.flow.instructions,Instructions.NoActionInstruction,7,27,3,1,3,6,2,5,0,5
onos-api,org.onosproject.net.flow.instructions,Instructions.DropInstruction,10,24,2,2,3,6,3,4,1,4
onos-api,org.onosproject.net.flow.instructions,L2ModificationInstruction.ModTunnelIdInstruction,0,63,0,4,0,15,0,8,0,6
onos-api,org.onosproject.net.flow.instructions,L0ModificationInstruction.ModOchSignalInstruction,2,45,0,4,1,14,1,7,1,5
onos-api,org.onosproject.net.flow.instructions,L0ModificationInstruction.ModLambdaInstruction,0,76,1,7,0,16,1,9,0,6
onos-api,org.onosproject.net.flow.instructions,L2ModificationInstruction.PopVlanInstruction,42,6,4,0,10,3,6,1,4,1
onos-api,org.onosproject.net.flow.instructions,L1ModificationInstruction,0,5,0,0,0,2,0,2,0,2
onos-api,org.onosproject.security,Permission,39,57,8,4,12,12,10,4,4,4
onos-api,org.onosproject.security,AppGuard,9,5,1,1,3,3,2,1,1,1
onos-api,org.onosproject.security,AppPermission.Type,9,369,0,0,0,37,2,2,2,2
onos-api,org.onosproject.security,SecurityUtil,85,0,14,0,33,0,13,0,6,0
onos-api,org.onosproject.security,AppPermission,42,0,0,0,16,0,4,0,4,0
